match_group_id,cardinality,match_method,status,variance_inr,internal_txn_id,internal_amount,bank_line_id,bank_amount
MG00001,1:1,Exact 1:1 (Ref+Amt),MATCHED,0.0,TXNMAY00138,57614.19,BLMAY00138,57614.19
MG00002,1:1,Exact 1:1 (Ref+Amt),MATCHED,0.0,TXNMAY00105,72532.19,BLMAY00105,72532.19
MG00003,1:1,Exact 1:1 (Ref+Amt),MATCHED,0.0,TXNMAY00115,93830.0,BLMAY00115,93830.0
MG00004,1:1,Exact 1:1 (Ref+Amt),MATCHED,0.0,TXNMAY00036,83560.86,BLMAY00036,83560.86
MG00005,1:1,Exact 1:1 (Ref+Amt),MATCHED,0.0,TXNMAY00165,31958.03,BLMAY00165,31958.03
MG00006,1:1,Exact 1:1 (Ref+Amt),MATCHED,0.0,TXNMAY00109,80954.76,BLMAY00109,80954.76
MG00007,1:1,Exact 1:1 (Ref+Amt),MATCHED,0.0,TXNMAY00047,89242.72,BLMAY00047,89242.72
MG00008,1:1,Exact 1:1 (Ref+Amt),MATCHED,0.0,TXNMAY00039,60348.45,BLMAY00039,60348.45
MG00009,1:1,Exact 1:1 (Ref+Amt),MATCHED,0.0,TXNMAY00110,60052.51,BLMAY00110,60052.51
MG00010,1:1,Exact 1:1 (Ref+Amt),MATCHED,0.0,TXNMAY00028,46264.5,BLMAY00028,46264.5
MG00011,1:1,Exact 1:1 (Ref+Amt),MATCHED,0.0,TXNMAY00160,33596.53,BLMAY00160,33596.53
MG00012,1:1,Exact 1:1 (Ref+Amt),MATCHED,0.0,TXNMAY00087,11473.29,BLMAY00087,11473.29
MG00013,1:1,Exact 1:1 (Ref+Amt),MATCHED,0.0,TXNMAY00130,23328.15,BLMAY00130,23328.15
MG00014,1:1,Exact 1:1 (Ref+Amt),MATCHED,0.0,TXNMAY00066,83595.89,BLMAY00066,83595.89
MG00015,1:1,Exact 1:1 (Ref+Amt),MATCHED,0.0,TXNMAY00171,68430.74,BLMAY00171,68430.74
MG00016,1:1,Exact 1:1 (Ref+Amt),MATCHED,0.0,TXNMAY00016,90624.06,BLMAY00016,90624.06
MG00017,1:1,Exact 1:1 (Ref+Amt),MATCHED,0.0,TXNMAY00062,89574.77,BLMAY00062,89574.77
MG00018,1:1,Exact 1:1 (Ref+Amt),MATCHED,0.0,TXNMAY00013,4714.28,BLMAY00013,4714.28
MG00019,1:1,Exact 1:1 (Ref+Amt),MATCHED,0.0,TXNMAY00148,64108.54,BLMAY00148,64108.54
MG00020,1:1,Exact 1:1 (Ref+Amt),MATCHED,0.0,TXNMAY00026,18403.16,BLMAY00026,18403.16
MG00021,1:1,Exact 1:1 (Ref+Amt),MATCHED,0.0,TXNMAY00004,40292.71,BLMAY00004,40292.71
MG00022,1:1,Exact 1:1 (Ref+Amt),MATCHED,0.0,TXNMAY00142,39174.12,BLMAY00142,39174.12
MG00023,1:1,Exact 1:1 (Ref+Amt),MATCHED,0.0,TXNMAY00085,32531.89,BLMAY00085,32531.89
MG00024,1:1,Exact 1:1 (Ref+Amt),MATCHED,0.0,TXNMAY00045,81601.71,BLMAY00045,81601.71
MG00025,1:1,Exact 1:1 (Ref+Amt),MATCHED,0.0,TXNMAY00174,72555.32,BLMAY00174,72555.32
MG00026,1:1,Exact 1:1 (Ref+Amt),MATCHED,0.0,TXNMAY00076,80877.78,BLMAY00076,80877.78
MG00027,1:1,Exact 1:1 (Ref+Amt),MATCHED,0.0,TXNMAY00127,38918.98,BLMAY00127,38918.98
MG00028,1:1,Exact 1:1 (Ref+Amt),MATCHED,0.0,TXNMAY00119,55164.62,BLMAY00119,55164.62
MG00029,1:1,Exact 1:1 (Ref+Amt),MATCHED,0.0,TXNMAY00143,48327.34,BLMAY00143,48327.34
MG00030,1:1,Exact 1:1 (Ref+Amt),MATCHED,0.0,TXNMAY00010,25618.45,BLMAY00010,25618.45
MG00031,1:1,Exact 1:1 (Ref+Amt),MATCHED,0.0,TXNMAY00012,85318.72,BLMAY00012,85318.72
MG00032,1:1,Exact 1:1 (Ref+Amt),MATCHED,0.0,TXNMAY00030,20877.16,BLMAY00030,20877.16
MG00033,1:1,Exact 1:1 (Ref+Amt),MATCHED,0.0,TXNMAY00128,9663.85,BLMAY00128,9663.85
MG00034,1:1,Exact 1:1 (Ref+Amt),MATCHED,0.0,TXNMAY00057,12883.88,BLMAY00057,12883.88
MG00035,1:1,Exact 1:1 (Ref+Amt),MATCHED,0.0,TXNMAY00133,30927.35,BLMAY00133,30927.35
MG00036,1:1,Exact 1:1 (Ref+Amt),MATCHED,0.0,TXNMAY00020,40342.32,BLMAY00020,40342.32
MG00037,1:1,Exact 1:1 (Ref+Amt),MATCHED,0.0,TXNMAY00163,8240.19,BLMAY00163,8240.19
MG00038,1:1,Exact 1:1 (Ref+Amt),MATCHED,0.0,TXNMAY00097,43344.75,BLMAY00097,43344.75
MG00039,1:1,Exact 1:1 (Ref+Amt),MATCHED,0.0,TXNMAY00149,20675.16,BLMAY00149,20675.16
MG00040,1:1,Exact 1:1 (Ref+Amt),MATCHED,0.0,TXNMAY00058,85260.47,BLMAY00058,85260.47
MG00041,1:1,Exact 1:1 (Ref+Amt),MATCHED,0.0,TXNMAY00164,58029.06,BLMAY00164,58029.06
MG00042,1:1,Exact 1:1 (Ref+Amt),MATCHED,0.0,TXNMAY00015,84083.71,BLMAY00015,84083.71
MG00043,1:1,Exact 1:1 (Ref+Amt),MATCHED,0.0,TXNMAY00038,57557.63,BLMAY00038,57557.63
MG00044,1:1,Exact 1:1 (Ref+Amt),MATCHED,0.0,TXNMAY00018,2095.42,BLMAY00018,2095.42
MG00045,1:1,Exact 1:1 (Ref+Amt),MATCHED,0.0,TXNMAY00024,76760.34,BLMAY00024,76760.34
MG00046,1:1,Exact 1:1 (Ref+Amt),MATCHED,0.0,TXNMAY00125,94614.12,BLMAY00125,94614.12
MG00047,1:1,Exact 1:1 (Ref+Amt),MATCHED,0.0,TXNMAY00099,72259.1,BLMAY00099,72259.1
MG00048,1:1,Exact 1:1 (Ref+Amt),MATCHED,0.0,TXNMAY00096,63745.15,BLMAY00096,63745.15
MG00049,1:1,Exact 1:1 (Ref+Amt),MATCHED,0.0,TXNMAY00175,88412.22,BLMAY00175,88412.22
MG00050,1:1,Exact 1:1 (Ref+Amt),MATCHED,0.0,TXNMAY00037,50367.13,BLMAY00037,50367.13
MG00051,1:1,Exact 1:1 (Ref+Amt),MATCHED,0.0,TXNMAY00140,65326.29,BLMAY00140,65326.29
MG00052,1:1,Exact 1:1 (Ref+Amt),MATCHED,0.0,TXNMAY00150,37701.21,BLMAY00150,37701.21
MG00053,1:1,Exact 1:1 (Ref+Amt),MATCHED,0.0,TXNMAY00103,87597.01,BLMAY00103,87597.01
MG00054,1:1,Exact 1:1 (Ref+Amt),MATCHED,0.0,TXNMAY00098,44022.26,BLMAY00098,44022.26
MG00055,1:1,Exact 1:1 (Ref+Amt),MATCHED,0.0,TXNMAY00055,54794.82,BLMAY00055,54794.82
MG00056,1:1,Exact 1:1 (Ref+Amt),MATCHED,0.0,TXNMAY00029,88037.59,BLMAY00029,88037.59
MG00057,1:1,Exact 1:1 (Ref+Amt),MATCHED,0.0,TXNMAY00049,41566.45,BLMAY00049,41566.45
MG00058,1:1,Exact 1:1 (Ref+Amt),MATCHED,0.0,TXNMAY00107,31706.5,BLMAY00107,31706.5
MG00059,1:1,Exact 1:1 (Ref+Amt),MATCHED,0.0,TXNMAY00083,1590.56,BLMAY00083,1590.56
MG00060,1:1,Exact 1:1 (Ref+Amt),MATCHED,0.0,TXNMAY00095,94710.58,BLMAY00095,94710.58
MG00061,1:1,Exact 1:1 (Ref+Amt),MATCHED,0.0,TXNMAY00032,81907.37,BLMAY00032,81907.37
MG00062,1:1,Exact 1:1 (Ref+Amt),MATCHED,0.0,TXNMAY00056,40532.6,BLMAY00056,40532.6
MG00063,1:1,Exact 1:1 (Ref+Amt),MATCHED,0.0,TXNMAY00072,33147.56,BLMAY00072,33147.56
MG00064,1:1,Exact 1:1 (Ref+Amt),MATCHED,0.0,TXNMAY00113,57999.35,BLMAY00113,57999.35
MG00065,1:1,Exact 1:1 (Ref+Amt),MATCHED,0.0,TXNMAY00053,64265.68,BLMAY00053,64265.68
MG00066,1:1,Exact 1:1 (Ref+Amt),MATCHED,0.0,TXNMAY00071,78946.66,BLMAY00071,78946.66
MG00067,1:1,Exact 1:1 (Ref+Amt),MATCHED,0.0,TXNMAY00002,56199.17,BLMAY00002,56199.17
MG00068,1:1,Exact 1:1 (Ref+Amt),MATCHED,0.0,TXNMAY00060,36542.59,BLMAY00060,36542.59
MG00069,1:1,Exact 1:1 (Ref+Amt),MATCHED,0.0,TXNMAY00136,40639.43,BLMAY00136,40639.43
MG00070,1:1,Exact 1:1 (Ref+Amt),MATCHED,0.0,TXNMAY00123,10515.79,BLMAY00123,10515.79
MG00071,1:1,Exact 1:1 (Ref+Amt),MATCHED,0.0,TXNMAY00126,63778.57,BLMAY00126,63778.57
MG00072,1:1,Exact 1:1 (Ref+Amt),MATCHED,0.0,TXNMAY00158,14734.41,BLMAY00158,14734.41
MG00073,1:1,Exact 1:1 (Ref+Amt),MATCHED,0.0,TXNMAY00074,69777.11,BLMAY00074,69777.11
MG00074,1:1,Exact 1:1 (Ref+Amt),MATCHED,0.0,TXNMAY00156,31808.25,BLMAY00156,31808.25
MG00075,1:1,Exact 1:1 (Ref+Amt),MATCHED,0.0,TXNMAY00001,2619.77,BLMAY00001,2619.77
MG00076,1:1,Exact 1:1 (Ref+Amt),MATCHED,0.0,TXNMAY00003,68092.86,BLMAY00003,68092.86
MG00077,1:1,Exact 1:1 (Ref+Amt),MATCHED,0.0,TXNMAY00078,68477.07,BLMAY00078,68477.07
MG00078,1:1,Exact 1:1 (Ref+Amt),MATCHED,0.0,TXNMAY00067,94991.27,BLMAY00067,94991.27
MG00079,1:1,Exact 1:1 (Ref+Amt),MATCHED,0.0,TXNMAY00094,91391.08,BLMAY00094,91391.08
MG00080,1:1,Exact 1:1 (Ref+Amt),MATCHED,0.0,TXNMAY00079,28128.82,BLMAY00079,28128.82
MG00081,1:1,Exact 1:1 (Ref+Amt),MATCHED,0.0,TXNMAY00169,80259.59,BLMAY00169,80259.59
MG00082,1:1,Exact 1:1 (Ref+Amt),MATCHED,0.0,TXNMAY00023,63635.64,BLMAY00023,63635.64
MG00083,1:1,Exact 1:1 (Ref+Amt),MATCHED,0.0,TXNMAY00124,61615.06,BLMAY00124,61615.06
MG00084,1:1,Exact 1:1 (Ref+Amt),MATCHED,0.0,TXNMAY00089,25325.22,BLMAY00089,25325.22
MG00085,1:1,Exact 1:1 (Ref+Amt),MATCHED,0.0,TXNMAY00137,14304.63,BLMAY00137,14304.63
MG00086,1:1,Exact 1:1 (Ref+Amt),MATCHED,0.0,TXNMAY00112,34214.4,BLMAY00112,34214.4
MG00087,1:1,Exact 1:1 (Ref+Amt),MATCHED,0.0,TXNMAY00145,66830.71,BLMAY00145,66830.71
MG00088,1:1,Exact 1:1 (Ref+Amt),MATCHED,0.0,TXNMAY00117,37752.59,BLMAY00117,37752.59
MG00089,1:1,Exact 1:1 (Ref+Amt),MATCHED,0.0,TXNMAY00153,43811.72,BLMAY00153,43811.72
MG00090,1:1,Exact 1:1 (Ref+Amt),MATCHED,0.0,TXNMAY00152,36274.66,BLMAY00152,36274.66
MG00091,1:1,Exact 1:1 (Ref+Amt),MATCHED,0.0,TXNMAY00046,18549.05,BLMAY00046,18549.05
MG00092,1:1,Exact 1:1 (Ref+Amt),MATCHED,0.0,TXNMAY00035,94630.14,BLMAY00035,94630.14
MG00093,1:1,Exact 1:1 (Ref+Amt),MATCHED,0.0,TXNMAY00120,12772.14,BLMAY00120,12772.14
MG00094,1:1,Exact 1:1 (Ref+Amt),MATCHED,0.0,TXNMAY00092,75351.56,BLMAY00092,75351.56
MG00095,1:1,Exact 1:1 (Ref+Amt),MATCHED,0.0,TXNMAY00009,36203.4,BLMAY00009,36203.4
MG00096,1:1,Exact 1:1 (Ref+Amt),MATCHED,0.0,TXNMAY00008,15661.48,BLMAY00008,15661.48
MG00097,1:1,Exact 1:1 (Ref+Amt),MATCHED,0.0,TXNMAY00044,2598.51,BLMAY00044,2598.51
MG00098,1:1,Exact 1:1 (Ref+Amt),MATCHED,0.0,TXNMAY00034,63892.65,BLMAY00034,63892.65
MG00099,1:1,Exact 1:1 (Ref+Amt),MATCHED,0.0,TXNMAY00161,7520.26,BLMAY00161,7520.26
MG00100,1:1,Exact 1:1 (Ref+Amt),MATCHED,0.0,TXNMAY00073,78165.85,BLMAY00073,78165.85
MG00101,1:1,Exact 1:1 (Ref+Amt),MATCHED,0.0,TXNMAY00064,93173.41,BLMAY00064,93173.41
MG00102,1:1,Exact 1:1 (Ref+Amt),MATCHED,0.0,TXNMAY00080,32821.01,BLMAY00080,32821.01
MG00103,1:1,Exact 1:1 (Ref+Amt),MATCHED,0.0,TXNMAY00100,92455.66,BLMAY00100,92455.66
MG00104,1:1,Exact 1:1 (Ref+Amt),MATCHED,0.0,TXNMAY00040,15559.89,BLMAY00040,15559.89
MG00105,1:1,Exact 1:1 (Ref+Amt),MATCHED,0.0,TXNMAY00159,14553.21,BLMAY00159,14553.21
MG00106,1:1,Exact 1:1 (Ref+Amt),MATCHED,0.0,TXNMAY00022,60047.01,BLMAY00022,60047.01
MG00107,1:1,Exact 1:1 (Ref+Amt),MATCHED,0.0,TXNMAY00135,21241.84,BLMAY00135,21241.84
MG00108,1:1,Exact 1:1 (Ref+Amt),MATCHED,0.0,TXNMAY00007,73498.23,BLMAY00007,73498.23
MG00109,1:1,Exact 1:1 (Ref+Amt),MATCHED,0.0,TXNMAY00014,56710.43,BLMAY00014,56710.43
MG00110,1:1,Exact 1:1 (Ref+Amt),MATCHED,0.0,TXNMAY00141,70250.92,BLMAY00141,70250.92
MG00111,1:1,Exact 1:1 (Ref+Amt),MATCHED,0.0,TXNMAY00122,25307.45,BLMAY00122,25307.45
MG00112,1:1,Exact 1:1 (Ref+Amt),MATCHED,0.0,TXNMAY00017,79998.17,BLMAY00017,79998.17
MG00113,1:1,Exact 1:1 (Ref+Amt),MATCHED,0.0,TXNMAY00027,42236.64,BLMAY00027,42236.64
MG00114,1:1,Exact 1:1 (Ref+Amt),MATCHED,0.0,TXNMAY00054,29662.24,BLMAY00054,29662.24
MG00115,1:1,Exact 1:1 (Ref+Amt),MATCHED,0.0,TXNMAY00065,17468.83,BLMAY00065,17468.83
MG00116,1:1,Exact 1:1 (Ref+Amt),MATCHED,0.0,TXNMAY00170,14865.45,BLMAY00170,14865.45
MG00117,1:1,Exact 1:1 (Ref+Amt),MATCHED,0.0,TXNMAY00061,39644.61,BLMAY00061,39644.61
MG00118,1:1,Exact 1:1 (Ref+Amt),MATCHED,0.0,TXNMAY00033,39971.56,BLMAY00033,39971.56
MG00119,1:1,Exact 1:1 (Ref+Amt),MATCHED,0.0,TXNMAY00006,92452.72,BLMAY00006,92452.72
MG00120,1:1,Exact 1:1 (Ref+Amt),MATCHED,0.0,TXNMAY00048,41424.92,BLMAY00048,41424.92
MG00121,1:1,Exact 1:1 (Ref+Amt),MATCHED,0.0,TXNMAY00043,53298.96,BLMAY00043,53298.96
MG00122,1:1,Exact 1:1 (Ref+Amt),MATCHED,0.0,TXNMAY00106,30397.21,BLMAY00106,30397.21
MG00123,1:1,Exact 1:1 (Ref+Amt),MATCHED,0.0,TXNMAY00116,81103.53,BLMAY00116,81103.53
MG00124,1:1,Exact 1:1 (Ref+Amt),MATCHED,0.0,TXNMAY00151,24460.47,BLMAY00151,24460.47
MG00125,1:1,Exact 1:1 (Ref+Amt),MATCHED,0.0,TXNMAY00114,24314.35,BLMAY00114,24314.35
MG00126,1:1,Exact 1:1 (Ref+Amt),MATCHED,0.0,TXNMAY00070,55080.38,BLMAY00070,55080.38
MG00127,1:1,Exact 1:1 (Ref+Amt),MATCHED,0.0,TXNMAY00166,63127.25,BLMAY00166,63127.25
MG00128,1:1,Exact 1:1 (Ref+Amt),MATCHED,0.0,TXNMAY00155,41530.35,BLMAY00155,41530.35
MG00129,1:1,Exact 1:1 (Ref+Amt),MATCHED,0.0,TXNMAY00168,29515.06,BLMAY00168,29515.06
MG00130,1:1,Exact 1:1 (Ref+Amt),MATCHED,0.0,TXNMAY00082,49959.34,BLMAY00082,49959.34
MG00131,1:1,Exact 1:1 (Ref+Amt),MATCHED,0.0,TXNMAY00081,68591.69,BLMAY00081,68591.69
MG00132,1:1,Exact 1:1 (Ref+Amt),MATCHED,0.0,TXNMAY00059,67858.38,BLMAY00059,67858.38
MG00133,1:1,Exact 1:1 (Ref+Amt),MATCHED,0.0,TXNMAY00088,81750.79,BLMAY00088,81750.79
MG00134,1:1,Exact 1:1 (Ref+Amt),MATCHED,0.0,TXNMAY00042,85428.5,BLMAY00042,85428.5
MG00135,1:1,Exact 1:1 (Ref+Amt),MATCHED,0.0,TXNMAY00021,11715.15,BLMAY00021,11715.15
MG00136,1:1,Exact 1:1 (Ref+Amt),MATCHED,0.0,TXNMAY00019,92914.03,BLMAY00019,92914.03
MG00137,1:1,Exact 1:1 (Ref+Amt),MATCHED,0.0,TXNMAY00104,55197.74,BLMAY00104,55197.74
MG00138,1:1,Exact 1:1 (Ref+Amt),MATCHED,0.0,TXNMAY00157,69169.17,BLMAY00157,69169.17
MG00139,1:1,Exact 1:1 (Ref+Amt),MATCHED,0.0,TXNMAY00173,61001.71,BLMAY00173,61001.71
MG00140,1:1,Exact 1:1 (Ref+Amt),MATCHED,0.0,TXNMAY00086,7269.29,BLMAY00086,7269.29
MG00141,1:1,Exact 1:1 (Ref+Amt),MATCHED,0.0,TXNMAY00147,35312.53,BLMAY00147,35312.53
MG00142,1:1,Exact 1:1 (Ref+Amt),MATCHED,0.0,TXNMAY00041,85897.23,BLMAY00041,85897.23
MG00143,1:1,Exact 1:1 (Ref+Amt),MATCHED,0.0,TXNMAY00167,35940.36,BLMAY00167,35940.36
MG00144,1:1,Exact 1:1 (Ref+Amt),MATCHED,0.0,TXNMAY00146,70456.82,BLMAY00146,70456.82
MG00145,1:1,Exact 1:1 (Ref+Amt),MATCHED,0.0,TXNMAY00090,38957.04,BLMAY00090,38957.04
MG00146,1:1,Exact 1:1 (Ref+Amt),MATCHED,0.0,TXNMAY00102,26157.01,BLMAY00102,26157.01
MG00147,1:1,Exact 1:1 (Ref+Amt),MATCHED,0.0,TXNMAY00063,41545.46,BLMAY00063,41545.46
MG00148,1:1,Exact 1:1 (Ref+Amt),MATCHED,0.0,TXNMAY00011,43726.21,BLMAY00011,43726.21
MG00149,1:1,Exact 1:1 (Ref+Amt),MATCHED,0.0,TXNMAY00132,51435.41,BLMAY00132,51435.41
MG00150,1:1,Exact 1:1 (Ref+Amt),MATCHED,0.0,TXNMAY00134,70901.78,BLMAY00134,70901.78
MG00151,1:1,Exact 1:1 (Ref+Amt),MATCHED,0.0,TXNMAY00172,35102.93,BLMAY00172,35102.93
MG00152,1:1,Exact 1:1 (Ref+Amt),MATCHED,0.0,TXNMAY00050,63105.96,BLMAY00050,63105.96
MG00153,1:1,Exact 1:1 (Ref+Amt),MATCHED,0.0,TXNMAY00131,77286.77,BLMAY00131,77286.77
MG00154,1:1,Exact 1:1 (Ref+Amt),MATCHED,0.0,TXNMAY00111,82926.88,BLMAY00111,82926.88
MG00155,1:1,Exact 1:1 (Ref+Amt),MATCHED,0.0,TXNMAY00031,47895.07,BLMAY00031,47895.07
MG00156,1:1,Exact 1:1 (Ref+Amt),MATCHED,0.0,TXNMAY00084,82536.7,BLMAY00084,82536.7
MG00157,1:1,Exact 1:1 (Ref+Amt),MATCHED,0.0,TXNMAY00051,12310.52,BLMAY00051,12310.52
MG00158,1:1,Exact 1:1 (Ref+Amt),MATCHED,0.0,TXNMAY00025,82098.53,BLMAY00025,82098.53
MG00159,1:1,Exact 1:1 (Ref+Amt),MATCHED,0.0,TXNMAY00129,90168.77,BLMAY00129,90168.77
MG00160,1:1,Exact 1:1 (Ref+Amt),MATCHED,0.0,TXNMAY00154,38626.81,BLMAY00154,38626.81
MG00161,1:1,Exact 1:1 (Ref+Amt),MATCHED,0.0,TXNMAY00162,18085.69,BLMAY00162,18085.69
MG00162,1:1,Exact 1:1 (Ref+Amt),MATCHED,0.0,TXNMAY00069,44311.97,BLMAY00069,44311.97
MG00163,1:1,Exact 1:1 (Ref+Amt),MATCHED,0.0,TXNMAY00091,22366.91,BLMAY00091,22366.91
MG00164,1:1,Exact 1:1 (Ref+Amt),MATCHED,0.0,TXNMAY00005,34263.3,BLMAY00005,34263.3
MG00165,1:1,Exact 1:1 (Ref+Amt),MATCHED,0.0,TXNMAY00077,83660.32,BLMAY00077,83660.32
MG00166,1:1,Exact 1:1 (Ref+Amt),MATCHED,0.0,TXNMAY00075,26678.45,BLMAY00075,26678.45
MG00167,1:1,Exact 1:1 (Ref+Amt),MATCHED,0.0,TXNMAY00101,21540.39,BLMAY00101,21540.39
MG00168,1:1,Exact 1:1 (Ref+Amt),MATCHED,0.0,TXNMAY00121,44624.4,BLMAY00121,44624.4
MG00169,1:1,Exact 1:1 (Ref+Amt),MATCHED,0.0,TXNMAY00139,38029.68,BLMAY00139,38029.68
MG00170,1:1,Exact 1:1 (Ref+Amt),MATCHED,0.0,TXNMAY00052,79245.46,BLMAY00052,79245.46
MG00171,1:1,Exact 1:1 (Ref+Amt),MATCHED,0.0,TXNMAY00118,75942.0,BLMAY00118,75942.0
MG00172,1:1,Exact 1:1 (Ref+Amt),MATCHED,0.0,TXNMAY00068,79766.93,BLMAY00068,79766.93
MG00173,1:1,Exact 1:1 (Ref+Amt),MATCHED,0.0,TXNMAY00093,47669.74,BLMAY00093,47669.74
MG00174,1:1,Exact 1:1 (Ref+Amt),MATCHED,0.0,TXNMAY00144,26644.34,BLMAY00144,26644.34
MG00175,1:1,Exact 1:1 (Ref+Amt),MATCHED,0.0,TXNMAY00108,13908.73,BLMAY00108,13908.73
MG00176,7:1,N:1 Batch (BATCHMAY009),MATCHED,0.0,TXNMAY00263,17840.57,BLMAY00228,74738.79
MG00176,7:1,N:1 Batch (BATCHMAY009),MATCHED,0.0,TXNMAY00260,680.71,BLMAY00228,74738.79
MG00176,7:1,N:1 Batch (BATCHMAY009),MATCHED,0.0,TXNMAY00264,5820.32,BLMAY00228,74738.79
MG00176,7:1,N:1 Batch (BATCHMAY009),MATCHED,0.0,TXNMAY00259,18763.87,BLMAY00228,74738.79
MG00176,7:1,N:1 Batch (BATCHMAY009),MATCHED,0.0,TXNMAY00261,18604.87,BLMAY00228,74738.79
MG00176,7:1,N:1 Batch (BATCHMAY009),MATCHED,0.0,TXNMAY00262,9359.81,BLMAY00228,74738.79
MG00176,7:1,N:1 Batch (BATCHMAY009),MATCHED,0.0,TXNMAY00265,3668.64,BLMAY00228,74738.79
MG00177,5:1,N:1 Batch (BATCHMAY007),MATCHED,0.0,TXNMAY00249,5787.09,BLMAY00226,35691.14
MG00177,5:1,N:1 Batch (BATCHMAY007),MATCHED,0.0,TXNMAY00251,5227.93,BLMAY00226,35691.14
MG00177,5:1,N:1 Batch (BATCHMAY007),MATCHED,0.0,TXNMAY00252,12939.92,BLMAY00226,35691.14
MG00177,5:1,N:1 Batch (BATCHMAY007),MATCHED,0.0,TXNMAY00253,8559.38,BLMAY00226,35691.14
MG00177,5:1,N:1 Batch (BATCHMAY007),MATCHED,0.0,TXNMAY00250,3176.82,BLMAY00226,35691.14
MG00178,7:1,N:1 Batch (BATCHMAY004),MATCHED,0.0,TXNMAY00234,3452.91,BLMAY00223,57896.9
MG00178,7:1,N:1 Batch (BATCHMAY004),MATCHED,0.0,TXNMAY00230,10722.53,BLMAY00223,57896.9
MG00178,7:1,N:1 Batch (BATCHMAY004),MATCHED,0.0,TXNMAY00232,11665.12,BLMAY00223,57896.9
MG00178,7:1,N:1 Batch (BATCHMAY004),MATCHED,0.0,TXNMAY00235,10285.48,BLMAY00223,57896.9
MG00178,7:1,N:1 Batch (BATCHMAY004),MATCHED,0.0,TXNMAY00236,17519.95,BLMAY00223,57896.9
MG00178,7:1,N:1 Batch (BATCHMAY004),MATCHED,0.0,TXNMAY00233,869.28,BLMAY00223,57896.9
MG00178,7:1,N:1 Batch (BATCHMAY004),MATCHED,0.0,TXNMAY00231,3381.63,BLMAY00223,57896.9
MG00179,7:1,N:1 Batch (BATCHMAY001),PARTIAL_MATCH,-330.26,TXNMAY00214,8903.09,BLMAY00220,65246.93
MG00179,7:1,N:1 Batch (BATCHMAY001),PARTIAL_MATCH,-330.26,TXNMAY00210,19350.39,BLMAY00220,65246.93
MG00179,7:1,N:1 Batch (BATCHMAY001),PARTIAL_MATCH,-330.26,TXNMAY00213,6072.09,BLMAY00220,65246.93
MG00179,7:1,N:1 Batch (BATCHMAY001),PARTIAL_MATCH,-330.26,TXNMAY00212,12151.62,BLMAY00220,65246.93
MG00179,7:1,N:1 Batch (BATCHMAY001),PARTIAL_MATCH,-330.26,TXNMAY00209,2255.96,BLMAY00220,65246.93
MG00179,7:1,N:1 Batch (BATCHMAY001),PARTIAL_MATCH,-330.26,TXNMAY00211,1448.83,BLMAY00220,65246.93
MG00179,7:1,N:1 Batch (BATCHMAY001),PARTIAL_MATCH,-330.26,TXNMAY00215,15395.21,BLMAY00220,65246.93
MG00180,6:1,N:1 Batch (BATCHMAY010),MATCHED,0.0,TXNMAY00269,2191.39,BLMAY00229,53716.49
MG00180,6:1,N:1 Batch (BATCHMAY010),MATCHED,0.0,TXNMAY00270,4103.23,BLMAY00229,53716.49
MG00180,6:1,N:1 Batch (BATCHMAY010),MATCHED,0.0,TXNMAY00267,12413.61,BLMAY00229,53716.49
MG00180,6:1,N:1 Batch (BATCHMAY010),MATCHED,0.0,TXNMAY00266,11571.73,BLMAY00229,53716.49
MG00180,6:1,N:1 Batch (BATCHMAY010),MATCHED,0.0,TXNMAY00271,6810.23,BLMAY00229,53716.49
MG00180,6:1,N:1 Batch (BATCHMAY010),MATCHED,0.0,TXNMAY00268,16626.3,BLMAY00229,53716.49
MG00181,6:1,N:1 Batch (BATCHMAY005),MATCHED,0.0,TXNMAY00237,10746.8,BLMAY00224,68558.65
MG00181,6:1,N:1 Batch (BATCHMAY005),MATCHED,0.0,TXNMAY00239,11152.33,BLMAY00224,68558.65
MG00181,6:1,N:1 Batch (BATCHMAY005),MATCHED,0.0,TXNMAY00240,12396.49,BLMAY00224,68558.65
MG00181,6:1,N:1 Batch (BATCHMAY005),MATCHED,0.0,TXNMAY00241,5940.62,BLMAY00224,68558.65
MG00181,6:1,N:1 Batch (BATCHMAY005),MATCHED,0.0,TXNMAY00242,18858.97,BLMAY00224,68558.65
MG00181,6:1,N:1 Batch (BATCHMAY005),MATCHED,0.0,TXNMAY00238,9463.44,BLMAY00224,68558.65
MG00182,5:1,N:1 Batch (BATCHMAY008),MATCHED,0.0,TXNMAY00257,13219.83,BLMAY00227,64010.32
MG00182,5:1,N:1 Batch (BATCHMAY008),MATCHED,0.0,TXNMAY00258,18307.98,BLMAY00227,64010.32
MG00182,5:1,N:1 Batch (BATCHMAY008),MATCHED,0.0,TXNMAY00254,13231.41,BLMAY00227,64010.32
MG00182,5:1,N:1 Batch (BATCHMAY008),MATCHED,0.0,TXNMAY00255,13185.5,BLMAY00227,64010.32
MG00182,5:1,N:1 Batch (BATCHMAY008),MATCHED,0.0,TXNMAY00256,6065.6,BLMAY00227,64010.32
MG00183,8:1,N:1 Batch (BATCHMAY003),MATCHED,0.0,TXNMAY00226,16407.1,BLMAY00222,95184.96
MG00183,8:1,N:1 Batch (BATCHMAY003),MATCHED,0.0,TXNMAY00223,3668.79,BLMAY00222,95184.96
MG00183,8:1,N:1 Batch (BATCHMAY003),MATCHED,0.0,TXNMAY00227,13639.22,BLMAY00222,95184.96
MG00183,8:1,N:1 Batch (BATCHMAY003),MATCHED,0.0,TXNMAY00225,14320.43,BLMAY00222,95184.96
MG00183,8:1,N:1 Batch (BATCHMAY003),MATCHED,0.0,TXNMAY00224,12077.63,BLMAY00222,95184.96
MG00183,8:1,N:1 Batch (BATCHMAY003),MATCHED,0.0,TXNMAY00228,16036.72,BLMAY00222,95184.96
MG00183,8:1,N:1 Batch (BATCHMAY003),MATCHED,0.0,TXNMAY00229,12139.74,BLMAY00222,95184.96
MG00183,8:1,N:1 Batch (BATCHMAY003),MATCHED,0.0,TXNMAY00222,6895.33,BLMAY00222,95184.96
MG00184,6:1,N:1 Batch (BATCHMAY006),MATCHED,0.0,TXNMAY00247,1320.3,BLMAY00225,67098.9
MG00184,6:1,N:1 Batch (BATCHMAY006),MATCHED,0.0,TXNMAY00246,19114.87,BLMAY00225,67098.9
MG00184,6:1,N:1 Batch (BATCHMAY006),MATCHED,0.0,TXNMAY00245,17967.33,BLMAY00225,67098.9
MG00184,6:1,N:1 Batch (BATCHMAY006),MATCHED,0.0,TXNMAY00248,18518.19,BLMAY00225,67098.9
MG00184,6:1,N:1 Batch (BATCHMAY006),MATCHED,0.0,TXNMAY00244,2876.55,BLMAY00225,67098.9
MG00184,6:1,N:1 Batch (BATCHMAY006),MATCHED,0.0,TXNMAY00243,7301.66,BLMAY00225,67098.9
MG00185,6:1,N:1 Batch (BATCHMAY002),PARTIAL_MATCH,-211.67,TXNMAY00217,16593.57,BLMAY00221,60675.35
MG00185,6:1,N:1 Batch (BATCHMAY002),PARTIAL_MATCH,-211.67,TXNMAY00220,15221.82,BLMAY00221,60675.35
MG00185,6:1,N:1 Batch (BATCHMAY002),PARTIAL_MATCH,-211.67,TXNMAY00219,7777.37,BLMAY00221,60675.35
MG00185,6:1,N:1 Batch (BATCHMAY002),PARTIAL_MATCH,-211.67,TXNMAY00221,10251.52,BLMAY00221,60675.35
MG00185,6:1,N:1 Batch (BATCHMAY002),PARTIAL_MATCH,-211.67,TXNMAY00216,8033.8,BLMAY00221,60675.35
MG00185,6:1,N:1 Batch (BATCHMAY002),PARTIAL_MATCH,-211.67,TXNMAY00218,3008.94,BLMAY00221,60675.35
MG00186,1:3,1:N Partial Settlement,MATCHED,0.0,TXNMAY00208,59861.62,"BLMAY00218, BLMAY00217, BLMAY00219","10470.51, 28318.23, 21072.88"
MG00187,1:2,1:N Partial Settlement,MATCHED,0.0,TXNMAY00206,52646.44,"BLMAY00213, BLMAY00214","20170.13, 32476.31"
MG00188,1:2,1:N Partial Settlement,MATCHED,0.0,TXNMAY00204,53696.05,"BLMAY00209, BLMAY00208","30880.82, 22815.23"
MG00189,1:3,1:N Partial Settlement,MATCHED,0.0,TXNMAY00201,101533.16,"BLMAY00202, BLMAY00201, BLMAY00203","17107.92, 47179.2, 37246.04"
MG00190,1:2,1:N Partial Settlement,MATCHED,0.0,TXNMAY00203,60048.42,"BLMAY00207, BLMAY00206","34407.06, 25641.36"
MG00191,1:2,1:N Partial Settlement,MATCHED,0.0,TXNMAY00202,106511.26,"BLMAY00205, BLMAY00204","63521.14, 42990.12"
MG00192,1:2,1:N Partial Settlement,MATCHED,0.0,TXNMAY00207,65529.27,"BLMAY00216, BLMAY00215","39756.97, 25772.3"
MG00193,1:3,1:N Partial Settlement,MATCHED,0.0,TXNMAY00205,92090.4,"BLMAY00210, BLMAY00212, BLMAY00211","41753.03, 31042.18, 19295.19"
MG00194,5:1,N:M Net Settlement (M1010),MATCHED,0.0,TXNMAY00277,13643.68,BLMAY00232,73185.39
MG00194,5:1,N:M Net Settlement (M1010),MATCHED,0.0,TXNMAY00281,-3710.36,BLMAY00232,73185.39
MG00194,5:1,N:M Net Settlement (M1010),MATCHED,0.0,TXNMAY00278,23205.81,BLMAY00232,73185.39
MG00194,5:1,N:M Net Settlement (M1010),MATCHED,0.0,TXNMAY00280,16714.19,BLMAY00232,73185.39
MG00194,5:1,N:M Net Settlement (M1010),MATCHED,0.0,TXNMAY00279,23332.07,BLMAY00232,73185.39
MG00195,5:2,N:M Net Settlement (M1016),MATCHED,0.0,TXNMAY00273,9323.49,"BLMAY00230, BLMAY00231","29778.62, 19852.42"
MG00195,5:2,N:M Net Settlement (M1016),MATCHED,0.0,TXNMAY00276,-2735.49,"BLMAY00230, BLMAY00231","29778.62, 19852.42"
MG00195,5:2,N:M Net Settlement (M1016),MATCHED,0.0,TXNMAY00275,10590.58,"BLMAY00230, BLMAY00231","29778.62, 19852.42"
MG00195,5:2,N:M Net Settlement (M1016),MATCHED,0.0,TXNMAY00272,28712.98,"BLMAY00230, BLMAY00231","29778.62, 19852.42"
MG00195,5:2,N:M Net Settlement (M1016),MATCHED,0.0,TXNMAY00274,3739.48,"BLMAY00230, BLMAY00231","29778.62, 19852.42"
BL00001,1:1,Backlog Cleared,MATCHED,0.0,TXNMAY00315,31504.74,BLJUN00269,31504.74
BL00002,1:1,Backlog Cleared,MATCHED,0.0,TXNMAY00303,37052.7,BLJUN00257,37052.7
BL00003,1:1,Backlog Cleared,MATCHED,0.0,TXNMAY00311,48839.37,BLJUN00265,48839.37
BL00004,1:1,Backlog Cleared,MATCHED,0.0,TXNMAY00310,36317.7,BLJUN00264,36317.7
BL00005,1:1,Backlog Cleared,MATCHED,0.0,TXNMAY00316,52423.38,BLJUN00270,52423.38
BL00006,1:1,Backlog Cleared,MATCHED,0.0,TXNMAY00304,87630.92,BLJUN00258,87630.92
BL00007,1:1,Backlog Cleared,MATCHED,0.0,TXNMAY00308,89045.89,BLJUN00262,89045.89
BL00008,1:1,Backlog Cleared,MATCHED,0.0,TXNMAY00301,23081.74,BLJUN00255,23081.74
BL00009,1:1,Backlog Cleared,MATCHED,0.0,TXNMAY00314,52676.27,BLJUN00268,52676.27
BL00010,1:1,Backlog Cleared,MATCHED,0.0,TXNMAY00305,5133.1,BLJUN00259,5133.1
BL00011,1:1,Backlog Cleared,MATCHED,0.0,TXNMAY00306,83025.54,BLJUN00260,83025.54
BL00012,1:1,Backlog Cleared,MATCHED,0.0,TXNMAY00312,72414.34,BLJUN00266,72414.34
BL00013,1:1,Backlog Cleared,MATCHED,0.0,TXNMAY00313,39469.88,BLJUN00267,39469.88
BL00014,1:1,Backlog Cleared,MATCHED,0.0,TXNMAY00318,17688.53,BLJUN00272,17688.53
BL00015,1:1,Backlog Cleared,MATCHED,0.0,TXNMAY00299,89465.31,BLJUN00253,89465.31
BL00016,1:1,Backlog Cleared,MATCHED,0.0,TXNMAY00317,43913.55,BLJUN00271,43913.55
BL00017,1:1,Backlog Cleared,MATCHED,0.0,TXNMAY00319,89806.57,BLJUN00273,89806.57
BL00018,1:1,Backlog Cleared,MATCHED,0.0,TXNMAY00300,38932.56,BLJUN00254,38932.56
BL00019,1:1,Backlog Cleared,MATCHED,0.0,TXNMAY00302,86921.73,BLJUN00256,86921.73
BL00020,1:1,Backlog Cleared,MATCHED,0.0,TXNMAY00307,45672.6,BLJUN00261,45672.6
BL00021,1:1,Backlog Cleared,MATCHED,0.0,TXNMAY00309,37830.89,BLJUN00263,37830.89
BL00022,1:1,Backlog Cleared,MATCHED,0.0,TXNMAY00320,80081.11,BLJUN00274,80081.11
MG00196,1:1,Exact 1:1 (Ref+Amt),MATCHED,0.0,TXNJUN00443,64757.02,BLJUN00389,64757.02
MG00197,1:1,Exact 1:1 (Ref+Amt),MATCHED,0.0,TXNJUN00343,74559.58,BLJUN00289,74559.58
MG00198,1:1,Exact 1:1 (Ref+Amt),MATCHED,0.0,TXNJUN00477,8683.02,BLJUN00423,8683.02
MG00199,1:1,Exact 1:1 (Ref+Amt),MATCHED,0.0,TXNJUN00384,90548.29,BLJUN00330,90548.29
MG00200,1:1,Exact 1:1 (Ref+Amt),MATCHED,0.0,TXNJUN00471,67627.68,BLJUN00417,67627.68
MG00201,1:1,Exact 1:1 (Ref+Amt),MATCHED,0.0,TXNJUN00451,74138.91,BLJUN00397,74138.91
MG00202,1:1,Exact 1:1 (Ref+Amt),MATCHED,0.0,TXNJUN00404,78927.78,BLJUN00350,78927.78
MG00203,1:1,Exact 1:1 (Ref+Amt),MATCHED,0.0,TXNJUN00483,10076.82,BLJUN00429,10076.82
MG00204,1:1,Exact 1:1 (Ref+Amt),MATCHED,0.0,TXNJUN00376,48527.26,BLJUN00322,48527.26
MG00205,1:1,Exact 1:1 (Ref+Amt),MATCHED,0.0,TXNJUN00473,24196.95,BLJUN00419,24196.95
MG00206,1:1,Exact 1:1 (Ref+Amt),MATCHED,0.0,TXNJUN00432,60718.56,BLJUN00378,60718.56
MG00207,1:1,Exact 1:1 (Ref+Amt),MATCHED,0.0,TXNJUN00436,82388.21,BLJUN00382,82388.21
MG00208,1:1,Exact 1:1 (Ref+Amt),MATCHED,0.0,TXNJUN00406,4295.48,BLJUN00352,4295.48
MG00209,1:1,Exact 1:1 (Ref+Amt),MATCHED,0.0,TXNJUN00454,946.18,BLJUN00400,946.18
MG00210,1:1,Exact 1:1 (Ref+Amt),MATCHED,0.0,TXNJUN00353,18738.42,BLJUN00299,18738.42
MG00211,1:1,Exact 1:1 (Ref+Amt),MATCHED,0.0,TXNJUN00329,27902.54,BLJUN00275,27902.54
MG00212,1:1,Exact 1:1 (Ref+Amt),MATCHED,0.0,TXNJUN00389,70428.09,BLJUN00335,70428.09
MG00213,1:1,Exact 1:1 (Ref+Amt),MATCHED,0.0,TXNJUN00399,13146.6,BLJUN00345,13146.6
MG00214,1:1,Exact 1:1 (Ref+Amt),MATCHED,0.0,TXNJUN00460,70763.89,BLJUN00406,70763.89
MG00215,1:1,Exact 1:1 (Ref+Amt),MATCHED,0.0,TXNJUN00491,266.08,BLJUN00437,266.08
MG00216,1:1,Exact 1:1 (Ref+Amt),MATCHED,0.0,TXNJUN00330,13405.1,BLJUN00276,13405.1
MG00217,1:1,Exact 1:1 (Ref+Amt),MATCHED,0.0,TXNJUN00412,76869.96,BLJUN00358,76869.96
MG00218,1:1,Exact 1:1 (Ref+Amt),MATCHED,0.0,TXNJUN00410,75561.68,BLJUN00356,75561.68
MG00219,1:1,Exact 1:1 (Ref+Amt),MATCHED,0.0,TXNJUN00375,23727.76,BLJUN00321,23727.76
MG00220,1:1,Exact 1:1 (Ref+Amt),MATCHED,0.0,TXNJUN00461,5335.89,BLJUN00407,5335.89
MG00221,1:1,Exact 1:1 (Ref+Amt),MATCHED,0.0,TXNJUN00433,85039.64,BLJUN00379,85039.64
MG00222,1:1,Exact 1:1 (Ref+Amt),MATCHED,0.0,TXNJUN00339,75170.81,BLJUN00285,75170.81
MG00223,1:1,Exact 1:1 (Ref+Amt),MATCHED,0.0,TXNJUN00370,49467.34,BLJUN00316,49467.34
MG00224,1:1,Exact 1:1 (Ref+Amt),MATCHED,0.0,TXNJUN00338,62658.32,BLJUN00284,62658.32
MG00225,1:1,Exact 1:1 (Ref+Amt),MATCHED,0.0,TXNJUN00419,13178.8,BLJUN00365,13178.8
MG00226,1:1,Exact 1:1 (Ref+Amt),MATCHED,0.0,TXNJUN00337,75830.7,BLJUN00283,75830.7
MG00227,1:1,Exact 1:1 (Ref+Amt),MATCHED,0.0,TXNJUN00464,20088.98,BLJUN00410,20088.98
MG00228,1:1,Exact 1:1 (Ref+Amt),MATCHED,0.0,TXNJUN00465,41344.16,BLJUN00411,41344.16
MG00229,1:1,Exact 1:1 (Ref+Amt),MATCHED,0.0,TXNJUN00408,42509.58,BLJUN00354,42509.58
MG00230,1:1,Exact 1:1 (Ref+Amt),MATCHED,0.0,TXNJUN00447,29728.91,BLJUN00393,29728.91
MG00231,1:1,Exact 1:1 (Ref+Amt),MATCHED,0.0,TXNJUN00355,26292.31,BLJUN00301,26292.31
MG00232,1:1,Exact 1:1 (Ref+Amt),MATCHED,0.0,TXNJUN00345,91064.33,BLJUN00291,91064.33
MG00233,1:1,Exact 1:1 (Ref+Amt),MATCHED,0.0,TXNJUN00386,7552.39,BLJUN00332,7552.39
MG00234,1:1,Exact 1:1 (Ref+Amt),MATCHED,0.0,TXNJUN00438,7675.42,BLJUN00384,7675.42
MG00235,1:1,Exact 1:1 (Ref+Amt),MATCHED,0.0,TXNJUN00414,22663.22,BLJUN00360,22663.22
MG00236,1:1,Exact 1:1 (Ref+Amt),MATCHED,0.0,TXNJUN00479,9706.89,BLJUN00425,9706.89
MG00237,1:1,Exact 1:1 (Ref+Amt),MATCHED,0.0,TXNJUN00490,11497.47,BLJUN00436,11497.47
MG00238,1:1,Exact 1:1 (Ref+Amt),MATCHED,0.0,TXNJUN00358,41851.87,BLJUN00304,41851.87
MG00239,1:1,Exact 1:1 (Ref+Amt),MATCHED,0.0,TXNJUN00484,2980.34,BLJUN00430,2980.34
MG00240,1:1,Exact 1:1 (Ref+Amt),MATCHED,0.0,TXNJUN00493,72962.7,BLJUN00439,72962.7
MG00241,1:1,Exact 1:1 (Ref+Amt),MATCHED,0.0,TXNJUN00489,7719.2,BLJUN00435,7719.2
MG00242,1:1,Exact 1:1 (Ref+Amt),MATCHED,0.0,TXNJUN00435,14569.63,BLJUN00381,14569.63
MG00243,1:1,Exact 1:1 (Ref+Amt),MATCHED,0.0,TXNJUN00474,66643.82,BLJUN00420,66643.82
MG00244,1:1,Exact 1:1 (Ref+Amt),MATCHED,0.0,TXNJUN00423,93330.47,BLJUN00369,93330.47
MG00245,1:1,Exact 1:1 (Ref+Amt),MATCHED,0.0,TXNJUN00455,32112.88,BLJUN00401,32112.88
MG00246,1:1,Exact 1:1 (Ref+Amt),MATCHED,0.0,TXNJUN00378,81812.13,BLJUN00324,81812.13
MG00247,1:1,Exact 1:1 (Ref+Amt),MATCHED,0.0,TXNJUN00361,77488.39,BLJUN00307,77488.39
MG00248,1:1,Exact 1:1 (Ref+Amt),MATCHED,0.0,TXNJUN00459,83297.88,BLJUN00405,83297.88
MG00249,1:1,Exact 1:1 (Ref+Amt),MATCHED,0.0,TXNJUN00336,11040.87,BLJUN00282,11040.87
MG00250,1:1,Exact 1:1 (Ref+Amt),MATCHED,0.0,TXNJUN00364,82579.01,BLJUN00310,82579.01
MG00251,1:1,Exact 1:1 (Ref+Amt),MATCHED,0.0,TXNJUN00446,39739.22,BLJUN00392,39739.22
MG00252,1:1,Exact 1:1 (Ref+Amt),MATCHED,0.0,TXNJUN00359,40818.83,BLJUN00305,40818.83
MG00253,1:1,Exact 1:1 (Ref+Amt),MATCHED,0.0,TXNJUN00367,43505.09,BLJUN00313,43505.09
MG00254,1:1,Exact 1:1 (Ref+Amt),MATCHED,0.0,TXNJUN00409,6027.77,BLJUN00355,6027.77
MG00255,1:1,Exact 1:1 (Ref+Amt),MATCHED,0.0,TXNJUN00374,85202.18,BLJUN00320,85202.18
MG00256,1:1,Exact 1:1 (Ref+Amt),MATCHED,0.0,TXNJUN00373,58077.75,BLJUN00319,58077.75
MG00257,1:1,Exact 1:1 (Ref+Amt),MATCHED,0.0,TXNJUN00349,58745.11,BLJUN00295,58745.11
MG00258,1:1,Exact 1:1 (Ref+Amt),MATCHED,0.0,TXNJUN00371,12773.6,BLJUN00317,12773.6
MG00259,1:1,Exact 1:1 (Ref+Amt),MATCHED,0.0,TXNJUN00360,56802.27,BLJUN00306,56802.27
MG00260,1:1,Exact 1:1 (Ref+Amt),MATCHED,0.0,TXNJUN00467,69758.91,BLJUN00413,69758.91
MG00261,1:1,Exact 1:1 (Ref+Amt),MATCHED,0.0,TXNJUN00420,56053.03,BLJUN00366,56053.03
MG00262,1:1,Exact 1:1 (Ref+Amt),MATCHED,0.0,TXNJUN00400,11689.81,BLJUN00346,11689.81
MG00263,1:1,Exact 1:1 (Ref+Amt),MATCHED,0.0,TXNJUN00387,24422.25,BLJUN00333,24422.25
MG00264,1:1,Exact 1:1 (Ref+Amt),MATCHED,0.0,TXNJUN00393,85567.0,BLJUN00339,85567.0
MG00265,1:1,Exact 1:1 (Ref+Amt),MATCHED,0.0,TXNJUN00456,49263.57,BLJUN00402,49263.57
MG00266,1:1,Exact 1:1 (Ref+Amt),MATCHED,0.0,TXNJUN00426,61929.37,BLJUN00372,61929.37
MG00267,1:1,Exact 1:1 (Ref+Amt),MATCHED,0.0,TXNJUN00427,24991.85,BLJUN00373,24991.85
MG00268,1:1,Exact 1:1 (Ref+Amt),MATCHED,0.0,TXNJUN00480,80905.55,BLJUN00426,80905.55
MG00269,1:1,Exact 1:1 (Ref+Amt),MATCHED,0.0,TXNJUN00421,90139.15,BLJUN00367,90139.15
MG00270,1:1,Exact 1:1 (Ref+Amt),MATCHED,0.0,TXNJUN00470,21504.45,BLJUN00416,21504.45
MG00271,1:1,Exact 1:1 (Ref+Amt),MATCHED,0.0,TXNJUN00428,7356.48,BLJUN00374,7356.48
MG00272,1:1,Exact 1:1 (Ref+Amt),MATCHED,0.0,TXNJUN00346,58436.63,BLJUN00292,58436.63
MG00273,1:1,Exact 1:1 (Ref+Amt),MATCHED,0.0,TXNJUN00331,40149.45,BLJUN00277,40149.45
MG00274,1:1,Exact 1:1 (Ref+Amt),MATCHED,0.0,TXNJUN00448,3383.48,BLJUN00394,3383.48
MG00275,1:1,Exact 1:1 (Ref+Amt),MATCHED,0.0,TXNJUN00398,80874.07,BLJUN00344,80874.07
MG00276,1:1,Exact 1:1 (Ref+Amt),MATCHED,0.0,TXNJUN00401,15184.06,BLJUN00347,15184.06
MG00277,1:1,Exact 1:1 (Ref+Amt),MATCHED,0.0,TXNJUN00344,28700.02,BLJUN00290,28700.02
MG00278,1:1,Exact 1:1 (Ref+Amt),MATCHED,0.0,TXNJUN00394,60505.49,BLJUN00340,60505.49
MG00279,1:1,Exact 1:1 (Ref+Amt),MATCHED,0.0,TXNJUN00478,68807.65,BLJUN00424,68807.65
MG00280,1:1,Exact 1:1 (Ref+Amt),MATCHED,0.0,TXNJUN00425,40012.14,BLJUN00371,40012.14
MG00281,1:1,Exact 1:1 (Ref+Amt),MATCHED,0.0,TXNJUN00333,79992.87,BLJUN00279,79992.87
MG00282,1:1,Exact 1:1 (Ref+Amt),MATCHED,0.0,TXNJUN00365,47124.24,BLJUN00311,47124.24
MG00283,1:1,Exact 1:1 (Ref+Amt),MATCHED,0.0,TXNJUN00395,50449.92,BLJUN00341,50449.92
MG00284,1:1,Exact 1:1 (Ref+Amt),MATCHED,0.0,TXNJUN00462,39391.91,BLJUN00408,39391.91
MG00285,1:1,Exact 1:1 (Ref+Amt),MATCHED,0.0,TXNJUN00468,29254.4,BLJUN00414,29254.4
MG00286,1:1,Exact 1:1 (Ref+Amt),MATCHED,0.0,TXNJUN00381,51072.97,BLJUN00327,51072.97
MG00287,1:1,Exact 1:1 (Ref+Amt),MATCHED,0.0,TXNJUN00383,70525.46,BLJUN00329,70525.46
MG00288,1:1,Exact 1:1 (Ref+Amt),MATCHED,0.0,TXNJUN00466,19144.5,BLJUN00412,19144.5
MG00289,1:1,Exact 1:1 (Ref+Amt),MATCHED,0.0,TXNJUN00382,23414.46,BLJUN00328,23414.46
MG00290,1:1,Exact 1:1 (Ref+Amt),MATCHED,0.0,TXNJUN00413,23734.46,BLJUN00359,23734.46
MG00291,1:1,Exact 1:1 (Ref+Amt),MATCHED,0.0,TXNJUN00449,35541.23,BLJUN00395,35541.23
MG00292,1:1,Exact 1:1 (Ref+Amt),MATCHED,0.0,TXNJUN00444,45276.92,BLJUN00390,45276.92
MG00293,1:1,Exact 1:1 (Ref+Amt),MATCHED,0.0,TXNJUN00416,22291.06,BLJUN00362,22291.06
MG00294,1:1,Exact 1:1 (Ref+Amt),MATCHED,0.0,TXNJUN00332,56513.16,BLJUN00278,56513.16
MG00295,1:1,Exact 1:1 (Ref+Amt),MATCHED,0.0,TXNJUN00402,23768.73,BLJUN00348,23768.73
MG00296,1:1,Exact 1:1 (Ref+Amt),MATCHED,0.0,TXNJUN00487,48152.53,BLJUN00433,48152.53
MG00297,1:1,Exact 1:1 (Ref+Amt),MATCHED,0.0,TXNJUN00342,10156.05,BLJUN00288,10156.05
MG00298,1:1,Exact 1:1 (Ref+Amt),MATCHED,0.0,TXNJUN00424,65928.43,BLJUN00370,65928.43
MG00299,1:1,Exact 1:1 (Ref+Amt),MATCHED,0.0,TXNJUN00380,38365.78,BLJUN00326,38365.78
MG00300,1:1,Exact 1:1 (Ref+Amt),MATCHED,0.0,TXNJUN00388,4606.75,BLJUN00334,4606.75
MG00301,1:1,Exact 1:1 (Ref+Amt),MATCHED,0.0,TXNJUN00340,33887.09,BLJUN00286,33887.09
MG00302,1:1,Exact 1:1 (Ref+Amt),MATCHED,0.0,TXNJUN00441,74111.86,BLJUN00387,74111.86
MG00303,1:1,Exact 1:1 (Ref+Amt),MATCHED,0.0,TXNJUN00488,31602.29,BLJUN00434,31602.29
MG00304,1:1,Exact 1:1 (Ref+Amt),MATCHED,0.0,TXNJUN00372,83723.71,BLJUN00318,83723.71
MG00305,1:1,Exact 1:1 (Ref+Amt),MATCHED,0.0,TXNJUN00335,69879.35,BLJUN00281,69879.35
MG00306,1:1,Exact 1:1 (Ref+Amt),MATCHED,0.0,TXNJUN00418,81798.43,BLJUN00364,81798.43
MG00307,1:1,Exact 1:1 (Ref+Amt),MATCHED,0.0,TXNJUN00422,60856.53,BLJUN00368,60856.53
MG00308,1:1,Exact 1:1 (Ref+Amt),MATCHED,0.0,TXNJUN00437,3540.52,BLJUN00383,3540.52
MG00309,1:1,Exact 1:1 (Ref+Amt),MATCHED,0.0,TXNJUN00434,4477.45,BLJUN00380,4477.45
MG00310,1:1,Exact 1:1 (Ref+Amt),MATCHED,0.0,TXNJUN00351,40332.92,BLJUN00297,40332.92
MG00311,1:1,Exact 1:1 (Ref+Amt),MATCHED,0.0,TXNJUN00411,47851.76,BLJUN00357,47851.76
MG00312,1:1,Exact 1:1 (Ref+Amt),MATCHED,0.0,TXNJUN00397,60626.19,BLJUN00343,60626.19
MG00313,1:1,Exact 1:1 (Ref+Amt),MATCHED,0.0,TXNJUN00347,26623.17,BLJUN00293,26623.17
MG00314,1:1,Exact 1:1 (Ref+Amt),MATCHED,0.0,TXNJUN00391,73541.73,BLJUN00337,73541.73
MG00315,1:1,Exact 1:1 (Ref+Amt),MATCHED,0.0,TXNJUN00392,27878.63,BLJUN00338,27878.63
MG00316,1:1,Exact 1:1 (Ref+Amt),MATCHED,0.0,TXNJUN00463,17338.8,BLJUN00409,17338.8
MG00317,1:1,Exact 1:1 (Ref+Amt),MATCHED,0.0,TXNJUN00486,69100.27,BLJUN00432,69100.27
MG00318,1:1,Exact 1:1 (Ref+Amt),MATCHED,0.0,TXNJUN00430,28428.71,BLJUN00376,28428.71
MG00319,1:1,Exact 1:1 (Ref+Amt),MATCHED,0.0,TXNJUN00453,80937.79,BLJUN00399,80937.79
MG00320,1:1,Exact 1:1 (Ref+Amt),MATCHED,0.0,TXNJUN00379,6648.71,BLJUN00325,6648.71
MG00321,1:1,Exact 1:1 (Ref+Amt),MATCHED,0.0,TXNJUN00472,62971.65,BLJUN00418,62971.65
MG00322,1:1,Exact 1:1 (Ref+Amt),MATCHED,0.0,TXNJUN00452,16660.76,BLJUN00398,16660.76
MG00323,1:1,Exact 1:1 (Ref+Amt),MATCHED,0.0,TXNJUN00363,60286.23,BLJUN00309,60286.23
MG00324,1:1,Exact 1:1 (Ref+Amt),MATCHED,0.0,TXNJUN00457,47376.08,BLJUN00403,47376.08
MG00325,1:1,Exact 1:1 (Ref+Amt),MATCHED,0.0,TXNJUN00396,85267.99,BLJUN00342,85267.99
MG00326,1:1,Exact 1:1 (Ref+Amt),MATCHED,0.0,TXNJUN00431,611.53,BLJUN00377,611.53
MG00327,1:1,Exact 1:1 (Ref+Amt),MATCHED,0.0,TXNJUN00469,94571.01,BLJUN00415,94571.01
MG00328,1:1,Exact 1:1 (Ref+Amt),MATCHED,0.0,TXNJUN00341,24765.46,BLJUN00287,24765.46
MG00329,1:1,Exact 1:1 (Ref+Amt),MATCHED,0.0,TXNJUN00475,19176.25,BLJUN00421,19176.25
MG00330,1:1,Exact 1:1 (Ref+Amt),MATCHED,0.0,TXNJUN00450,79617.69,BLJUN00396,79617.69
MG00331,1:1,Exact 1:1 (Ref+Amt),MATCHED,0.0,TXNJUN00415,79527.03,BLJUN00361,79527.03
MG00332,1:1,Exact 1:1 (Ref+Amt),MATCHED,0.0,TXNJUN00362,67654.66,BLJUN00308,67654.66
MG00333,1:1,Exact 1:1 (Ref+Amt),MATCHED,0.0,TXNJUN00366,74941.77,BLJUN00312,74941.77
MG00334,1:1,Exact 1:1 (Ref+Amt),MATCHED,0.0,TXNJUN00429,15135.58,BLJUN00375,15135.58
MG00335,1:1,Exact 1:1 (Ref+Amt),MATCHED,0.0,TXNJUN00403,81223.47,BLJUN00349,81223.47
MG00336,1:1,Exact 1:1 (Ref+Amt),MATCHED,0.0,TXNJUN00439,37022.39,BLJUN00385,37022.39
MG00337,1:1,Exact 1:1 (Ref+Amt),MATCHED,0.0,TXNJUN00385,85515.28,BLJUN00331,85515.28
MG00338,1:1,Exact 1:1 (Ref+Amt),MATCHED,0.0,TXNJUN00352,17977.59,BLJUN00298,17977.59
MG00339,1:1,Exact 1:1 (Ref+Amt),MATCHED,0.0,TXNJUN00458,32765.08,BLJUN00404,32765.08
MG00340,1:1,Exact 1:1 (Ref+Amt),MATCHED,0.0,TXNJUN00476,3983.69,BLJUN00422,3983.69
MG00341,1:1,Exact 1:1 (Ref+Amt),MATCHED,0.0,TXNJUN00481,25672.32,BLJUN00427,25672.32
MG00342,1:1,Exact 1:1 (Ref+Amt),MATCHED,0.0,TXNJUN00354,79829.75,BLJUN00300,79829.75
MG00343,1:1,Exact 1:1 (Ref+Amt),MATCHED,0.0,TXNJUN00407,36513.61,BLJUN00353,36513.61
MG00344,1:1,Exact 1:1 (Ref+Amt),MATCHED,0.0,TXNJUN00442,54449.2,BLJUN00388,54449.2
MG00345,1:1,Exact 1:1 (Ref+Amt),MATCHED,0.0,TXNJUN00405,24773.26,BLJUN00351,24773.26
MG00346,1:1,Exact 1:1 (Ref+Amt),MATCHED,0.0,TXNJUN00492,43475.7,BLJUN00438,43475.7
MG00347,1:1,Exact 1:1 (Ref+Amt),MATCHED,0.0,TXNJUN00350,11330.91,BLJUN00296,11330.91
MG00348,1:1,Exact 1:1 (Ref+Amt),MATCHED,0.0,TXNJUN00485,6251.09,BLJUN00431,6251.09
MG00349,1:1,Exact 1:1 (Ref+Amt),MATCHED,0.0,TXNJUN00356,10976.74,BLJUN00302,10976.74
MG00350,1:1,Exact 1:1 (Ref+Amt),MATCHED,0.0,TXNJUN00334,57404.27,BLJUN00280,57404.27
MG00351,1:1,Exact 1:1 (Ref+Amt),MATCHED,0.0,TXNJUN00445,81567.75,BLJUN00391,81567.75
MG00352,1:1,Exact 1:1 (Ref+Amt),MATCHED,0.0,TXNJUN00390,54403.03,BLJUN00336,54403.03
MG00353,1:1,Exact 1:1 (Ref+Amt),MATCHED,0.0,TXNJUN00357,94031.25,BLJUN00303,94031.25
MG00354,1:1,Exact 1:1 (Ref+Amt),MATCHED,0.0,TXNJUN00369,62357.23,BLJUN00315,62357.23
MG00355,1:1,Exact 1:1 (Ref+Amt),MATCHED,0.0,TXNJUN00348,43602.9,BLJUN00294,43602.9
MG00356,1:1,Exact 1:1 (Ref+Amt),MATCHED,0.0,TXNJUN00482,26006.19,BLJUN00428,26006.19
MG00357,1:1,Exact 1:1 (Ref+Amt),MATCHED,0.0,TXNJUN00377,47585.45,BLJUN00323,47585.45
MG00358,1:1,Exact 1:1 (Ref+Amt),MATCHED,0.0,TXNJUN00417,68179.84,BLJUN00363,68179.84
MG00359,1:1,Exact 1:1 (Ref+Amt),MATCHED,0.0,TXNJUN00368,23974.38,BLJUN00314,23974.38
MG00360,1:1,Exact 1:1 (Ref+Amt),MATCHED,0.0,TXNJUN00440,59284.74,BLJUN00386,59284.74
MG00361,5:1,N:1 Batch (BATCHJUN004),MATCHED,0.0,TXNJUN00543,8153.72,BLJUN00479,44009.0
MG00361,5:1,N:1 Batch (BATCHJUN004),MATCHED,0.0,TXNJUN00541,11256.08,BLJUN00479,44009.0
MG00361,5:1,N:1 Batch (BATCHJUN004),MATCHED,0.0,TXNJUN00545,8237.31,BLJUN00479,44009.0
MG00361,5:1,N:1 Batch (BATCHJUN004),MATCHED,0.0,TXNJUN00544,3110.68,BLJUN00479,44009.0
MG00361,5:1,N:1 Batch (BATCHJUN004),MATCHED,0.0,TXNJUN00542,13251.21,BLJUN00479,44009.0
MG00362,5:1,N:1 Batch (BATCHJUN005),MATCHED,0.0,TXNJUN00547,11543.97,BLJUN00480,32645.62
MG00362,5:1,N:1 Batch (BATCHJUN005),MATCHED,0.0,TXNJUN00549,1288.19,BLJUN00480,32645.62
MG00362,5:1,N:1 Batch (BATCHJUN005),MATCHED,0.0,TXNJUN00548,14850.44,BLJUN00480,32645.62
MG00362,5:1,N:1 Batch (BATCHJUN005),MATCHED,0.0,TXNJUN00546,3237.23,BLJUN00480,32645.62
MG00362,5:1,N:1 Batch (BATCHJUN005),MATCHED,0.0,TXNJUN00550,1725.79,BLJUN00480,32645.62
MG00363,7:1,N:1 Batch (BATCHJUN008),MATCHED,0.0,TXNJUN00569,17630.93,BLJUN00483,59801.16
MG00363,7:1,N:1 Batch (BATCHJUN008),MATCHED,0.0,TXNJUN00566,12776.04,BLJUN00483,59801.16
MG00363,7:1,N:1 Batch (BATCHJUN008),MATCHED,0.0,TXNJUN00563,4608.73,BLJUN00483,59801.16
MG00363,7:1,N:1 Batch (BATCHJUN008),MATCHED,0.0,TXNJUN00565,11682.99,BLJUN00483,59801.16
MG00363,7:1,N:1 Batch (BATCHJUN008),MATCHED,0.0,TXNJUN00567,1590.28,BLJUN00483,59801.16
MG00363,7:1,N:1 Batch (BATCHJUN008),MATCHED,0.0,TXNJUN00568,10574.49,BLJUN00483,59801.16
MG00363,7:1,N:1 Batch (BATCHJUN008),MATCHED,0.0,TXNJUN00564,937.7,BLJUN00483,59801.16
MG00364,8:1,N:1 Batch (BATCHJUN002),PARTIAL_MATCH,-274.51,TXNJUN00532,11528.26,BLJUN00477,94976.26
MG00364,8:1,N:1 Batch (BATCHJUN002),PARTIAL_MATCH,-274.51,TXNJUN00529,6060.17,BLJUN00477,94976.26
MG00364,8:1,N:1 Batch (BATCHJUN002),PARTIAL_MATCH,-274.51,TXNJUN00528,13590.26,BLJUN00477,94976.26
MG00364,8:1,N:1 Batch (BATCHJUN002),PARTIAL_MATCH,-274.51,TXNJUN00531,12518.68,BLJUN00477,94976.26
MG00364,8:1,N:1 Batch (BATCHJUN002),PARTIAL_MATCH,-274.51,TXNJUN00534,6607.69,BLJUN00477,94976.26
MG00364,8:1,N:1 Batch (BATCHJUN002),PARTIAL_MATCH,-274.51,TXNJUN00527,19055.03,BLJUN00477,94976.26
MG00364,8:1,N:1 Batch (BATCHJUN002),PARTIAL_MATCH,-274.51,TXNJUN00530,6696.83,BLJUN00477,94976.26
MG00364,8:1,N:1 Batch (BATCHJUN002),PARTIAL_MATCH,-274.51,TXNJUN00533,19193.85,BLJUN00477,94976.26
MG00365,6:1,N:1 Batch (BATCHJUN003),MATCHED,0.0,TXNJUN00539,5633.08,BLJUN00478,70172.53
MG00365,6:1,N:1 Batch (BATCHJUN003),MATCHED,0.0,TXNJUN00537,13088.26,BLJUN00478,70172.53
MG00365,6:1,N:1 Batch (BATCHJUN003),MATCHED,0.0,TXNJUN00538,17244.92,BLJUN00478,70172.53
MG00365,6:1,N:1 Batch (BATCHJUN003),MATCHED,0.0,TXNJUN00536,9995.94,BLJUN00478,70172.53
MG00365,6:1,N:1 Batch (BATCHJUN003),MATCHED,0.0,TXNJUN00540,14684.79,BLJUN00478,70172.53
MG00365,6:1,N:1 Batch (BATCHJUN003),MATCHED,0.0,TXNJUN00535,9525.54,BLJUN00478,70172.53
MG00366,4:1,N:1 Batch (BATCHJUN007),MATCHED,0.0,TXNJUN00560,4984.82,BLJUN00482,34872.42
MG00366,4:1,N:1 Batch (BATCHJUN007),MATCHED,0.0,TXNJUN00559,17699.67,BLJUN00482,34872.42
MG00366,4:1,N:1 Batch (BATCHJUN007),MATCHED,0.0,TXNJUN00561,4624.58,BLJUN00482,34872.42
MG00366,4:1,N:1 Batch (BATCHJUN007),MATCHED,0.0,TXNJUN00562,7563.35,BLJUN00482,34872.42
MG00367,7:1,N:1 Batch (BATCHJUN001),PARTIAL_MATCH,-452.26,TXNJUN00520,11176.75,BLJUN00476,61968.46
MG00367,7:1,N:1 Batch (BATCHJUN001),PARTIAL_MATCH,-452.26,TXNJUN00522,8546.76,BLJUN00476,61968.46
MG00367,7:1,N:1 Batch (BATCHJUN001),PARTIAL_MATCH,-452.26,TXNJUN00523,3638.61,BLJUN00476,61968.46
MG00367,7:1,N:1 Batch (BATCHJUN001),PARTIAL_MATCH,-452.26,TXNJUN00525,17102.06,BLJUN00476,61968.46
MG00367,7:1,N:1 Batch (BATCHJUN001),PARTIAL_MATCH,-452.26,TXNJUN00526,13071.15,BLJUN00476,61968.46
MG00367,7:1,N:1 Batch (BATCHJUN001),PARTIAL_MATCH,-452.26,TXNJUN00521,4596.03,BLJUN00476,61968.46
MG00367,7:1,N:1 Batch (BATCHJUN001),PARTIAL_MATCH,-452.26,TXNJUN00524,4289.36,BLJUN00476,61968.46
MG00368,8:1,N:1 Batch (BATCHJUN006),MATCHED,0.0,TXNJUN00554,16780.01,BLJUN00481,63663.38
MG00368,8:1,N:1 Batch (BATCHJUN006),MATCHED,0.0,TXNJUN00556,11959.74,BLJUN00481,63663.38
MG00368,8:1,N:1 Batch (BATCHJUN006),MATCHED,0.0,TXNJUN00555,7844.86,BLJUN00481,63663.38
MG00368,8:1,N:1 Batch (BATCHJUN006),MATCHED,0.0,TXNJUN00553,2512.89,BLJUN00481,63663.38
MG00368,8:1,N:1 Batch (BATCHJUN006),MATCHED,0.0,TXNJUN00558,7381.51,BLJUN00481,63663.38
MG00368,8:1,N:1 Batch (BATCHJUN006),MATCHED,0.0,TXNJUN00552,1278.14,BLJUN00481,63663.38
MG00368,8:1,N:1 Batch (BATCHJUN006),MATCHED,0.0,TXNJUN00557,7838.41,BLJUN00481,63663.38
MG00368,8:1,N:1 Batch (BATCHJUN006),MATCHED,0.0,TXNJUN00551,8067.82,BLJUN00481,63663.38
MG00369,1:3,1:N Partial Settlement,MATCHED,0.0,TXNJUN00515,81111.58,"BLJUN00463, BLJUN00462, BLJUN00464","13804.67, 39715.67, 27591.24"
MG00370,1:2,1:N Partial Settlement,MATCHED,0.0,TXNJUN00518,62521.4,"BLJUN00472, BLJUN00471","32177.38, 30344.02"
MG00371,1:3,1:N Partial Settlement,MATCHED,0.0,TXNJUN00517,65312.34,"BLJUN00470, BLJUN00468, BLJUN00469","27480.17, 24681.56, 13150.61"
MG00372,1:3,1:N Partial Settlement,MATCHED,0.0,TXNJUN00519,116810.74,"BLJUN00475, BLJUN00473, BLJUN00474","44261.01, 38409.14, 34140.59"
MG00373,1:3,1:N Partial Settlement,MATCHED,0.0,TXNJUN00516,97349.46,"BLJUN00467, BLJUN00466, BLJUN00465","46197.4, 21209.58, 29942.48"
MG00374,1:2,1:N Partial Settlement,MATCHED,0.0,TXNJUN00514,70870.07,"BLJUN00460, BLJUN00461","28918.35, 41951.72"
MG00375,5:1,N:M Net Settlement (M1031),MATCHED,0.0,TXNJUN00575,4609.32,BLJUN00486,55880.5
MG00375,5:1,N:M Net Settlement (M1031),MATCHED,0.0,TXNJUN00579,-1303.2,BLJUN00486,55880.5
MG00375,5:1,N:M Net Settlement (M1031),MATCHED,0.0,TXNJUN00577,27115.13,BLJUN00486,55880.5
MG00375,5:1,N:M Net Settlement (M1031),MATCHED,0.0,TXNJUN00578,-1796.32,BLJUN00486,55880.5
MG00375,5:1,N:M Net Settlement (M1031),MATCHED,0.0,TXNJUN00576,27255.57,BLJUN00486,55880.5
MG00376,5:2,N:M Net Settlement (M1014),MATCHED,0.0,TXNJUN00571,25250.18,"BLJUN00485, BLJUN00484","32470.3, 48705.46"
MG00376,5:2,N:M Net Settlement (M1014),MATCHED,0.0,TXNJUN00574,-1304.35,"BLJUN00485, BLJUN00484","32470.3, 48705.46"
MG00376,5:2,N:M Net Settlement (M1014),MATCHED,0.0,TXNJUN00573,6696.21,"BLJUN00485, BLJUN00484","32470.3, 48705.46"
MG00376,5:2,N:M Net Settlement (M1014),MATCHED,0.0,TXNJUN00572,24249.25,"BLJUN00485, BLJUN00484","32470.3, 48705.46"
MG00376,5:2,N:M Net Settlement (M1014),MATCHED,0.0,TXNJUN00570,26284.47,"BLJUN00485, BLJUN00484","32470.3, 48705.46"
,,Exception Classification,EXCEPTION,0.0,,0.0,BLMAY00244,12850.78
,,Exception Classification,EXCEPTION,0.0,,0.0,BLMAY00238,68780.79
,,Exception Classification,EXCEPTION,0.0,,0.0,BLMAY00239,4541.21
,,Exception Classification,EXCEPTION,0.0,,0.0,BLMAY00235,76873.57
,,Exception Classification,EXCEPTION,0.0,,0.0,BLMAY00240,4541.21
,,Exception Classification,EXCEPTION,0.0,,0.0,BLMAY00243,12850.78
,,Exception Classification,EXCEPTION,0.0,,0.0,BLMAY00233,81212.55
,,Exception Classification,EXCEPTION,0.0,,0.0,BLMAY00236,76873.57
,,Exception Classification,EXCEPTION,0.0,,0.0,BLMAY00241,17303.23
,,Exception Classification,EXCEPTION,0.0,,0.0,BLMAY00242,17303.23
,,Exception Classification,EXCEPTION,0.0,,0.0,BLMAY00234,81212.55
,,Exception Classification,EXCEPTION,0.0,,0.0,BLMAY00237,68780.79
,,Exception Classification,EXCEPTION,0.0,,0.0,BLMAY00200,54473.28
,,Exception Classification,EXCEPTION,0.0,,0.0,BLMAY00251,92851.94
,,Exception Classification,EXCEPTION,0.0,,0.0,BLMAY00193,74014.33
,,Exception Classification,EXCEPTION,0.0,,0.0,BLMAY00184,77329.97
,,Exception Classification,EXCEPTION,0.0,,0.0,BLMAY00248,23293.95
,,Exception Classification,EXCEPTION,0.0,,0.0,BLMAY00250,66844.58
,,Exception Classification,EXCEPTION,0.0,,0.0,BLMAY00252,20281.77
,,Exception Classification,EXCEPTION,0.0,,0.0,BLMAY00196,25053.34
,,Exception Classification,EXCEPTION,0.0,,0.0,BLMAY00192,34673.73
,,Exception Classification,EXCEPTION,0.0,,0.0,BLMAY00183,69696.16
,,Exception Classification,EXCEPTION,0.0,,0.0,BLMAY00199,75452.73
,,Exception Classification,EXCEPTION,0.0,,0.0,BLMAY00189,41050.03
,,Exception Classification,EXCEPTION,0.0,,0.0,BLMAY00246,36440.72
,,Exception Classification,EXCEPTION,0.0,,0.0,BLMAY00187,31699.86
,,Exception Classification,EXCEPTION,0.0,,0.0,BLMAY00245,28904.03
,,Exception Classification,EXCEPTION,0.0,,0.0,BLMAY00191,4263.15
,,Exception Classification,EXCEPTION,0.0,,0.0,BLMAY00247,7970.69
,,Exception Classification,EXCEPTION,0.0,,0.0,BLMAY00190,28261.89
,,Exception Classification,EXCEPTION,0.0,,0.0,BLMAY00249,9109.17
,,Exception Classification,EXCEPTION,0.0,,0.0,BLMAY00178,24498.79
,,Exception Classification,EXCEPTION,0.0,,0.0,BLMAY00185,73794.04
,,Exception Classification,EXCEPTION,0.0,,0.0,BLMAY00182,60479.81
,,Exception Classification,EXCEPTION,0.0,,0.0,BLMAY00179,11795.13
,,Exception Classification,EXCEPTION,0.0,,0.0,BLMAY00197,13110.27
,,Exception Classification,EXCEPTION,0.0,,0.0,BLMAY00181,54320.39
,,Exception Classification,EXCEPTION,0.0,,0.0,BLMAY00186,37981.73
,,Exception Classification,EXCEPTION,0.0,,0.0,BLMAY00188,92510.31
,,Exception Classification,EXCEPTION,0.0,,0.0,BLMAY00194,35498.27
,,Exception Classification,EXCEPTION,0.0,,0.0,BLMAY00180,1807.25
,,Exception Classification,EXCEPTION,0.0,,0.0,BLMAY00195,23900.7
,,Exception Classification,EXCEPTION,0.0,,0.0,BLMAY00176,35772.98
,,Exception Classification,EXCEPTION,0.0,,0.0,BLMAY00198,33168.55
,,Exception Classification,EXCEPTION,0.0,,0.0,BLMAY00177,27431.82
,,Exception Classification,EXCEPTION,0.0,TXNMAY00298,8352.67,,0
,,Exception Classification,EXCEPTION,0.0,TXNMAY00294,4934.97,,0
,,Exception Classification,EXCEPTION,0.0,TXNMAY00194,35498.27,,0
,,Exception Classification,OPEN,0.0,TXNMAY00190,28261.89,,0
,,Exception Classification,EXCEPTION,0.0,TXNMAY00183,69696.16,,0
,,Exception Classification,EXCEPTION,0.0,TXNMAY00326,49935.52,,0
,,Exception Classification,EXCEPTION,0.0,TXNMAY00184,77329.97,,0
,,Exception Classification,EXCEPTION,0.0,TXNMAY00179,11795.13,,0
,,Exception Classification,EXCEPTION,0.0,TXNMAY00195,23900.7,,0
,,Exception Classification,EXCEPTION,0.0,TXNMAY00282,81212.55,,0
,,Exception Classification,OPEN,0.0,TXNMAY00186,37981.73,,0
,,Exception Classification,EXCEPTION,0.0,TXNMAY00322,60674.78,,0
,,Exception Classification,EXCEPTION,0.0,TXNMAY00178,24498.79,,0
,,Exception Classification,OPEN,0.0,TXNMAY00287,12850.78,,0
,,Exception Classification,EXCEPTION,0.0,TXNMAY00284,68780.79,,0
,,Exception Classification,OPEN,0.0,TXNMAY00283,76873.57,,0
,,Exception Classification,EXCEPTION,0.0,TXNMAY00176,35772.98,,0
,,Exception Classification,EXCEPTION,0.0,TXNMAY00289,-30491.0,,0
,,Exception Classification,OPEN,0.0,TXNMAY00286,17303.23,,0
,,Exception Classification,EXCEPTION,0.0,TXNMAY00321,20973.69,,0
,,Exception Classification,EXCEPTION,0.0,TXNMAY00325,66372.15,,0
,,Exception Classification,EXCEPTION,0.0,TXNMAY00193,74014.33,,0
,,Exception Classification,EXCEPTION,0.0,TXNMAY00188,92510.31,,0
,,Exception Classification,EXCEPTION,0.0,TXNMAY00189,41050.03,,0
,,Exception Classification,EXCEPTION,0.0,TXNMAY00181,54320.39,,0
,,Exception Classification,EXCEPTION,0.0,TXNMAY00290,10652.97,,0
,,Exception Classification,EXCEPTION,0.0,TXNMAY00199,75452.73,,0
,,Exception Classification,EXCEPTION,0.0,TXNMAY00197,13110.27,,0
,,Exception Classification,OPEN,0.0,TXNMAY00198,33168.55,,0
,,Exception Classification,EXCEPTION,0.0,TXNMAY00292,32569.65,,0
,,Exception Classification,EXCEPTION,0.0,TXNMAY00324,68677.76,,0
,,Exception Classification,EXCEPTION,0.0,TXNMAY00323,50677.13,,0
,,Exception Classification,EXCEPTION,0.0,TXNMAY00192,34673.73,,0
,,Exception Classification,OPEN,0.0,TXNMAY00200,54473.28,,0
,,Exception Classification,EXCEPTION,0.0,TXNMAY00327,24166.62,,0
,,Exception Classification,EXCEPTION,0.0,TXNMAY00297,36761.11,,0
,,Exception Classification,OPEN,0.0,TXNMAY00296,29142.95,,0
,,Exception Classification,EXCEPTION,0.0,TXNMAY00182,60479.81,,0
,,Exception Classification,OPEN,0.0,TXNMAY00180,1807.25,,0
,,Exception Classification,EXCEPTION,0.0,TXNMAY00177,27431.82,,0
,,Exception Classification,OPEN,0.0,TXNMAY00185,73794.04,,0
,,Exception Classification,EXCEPTION,0.0,TXNMAY00291,-10652.97,,0
,,Exception Classification,EXCEPTION,0.0,TXNMAY00288,30491.0,,0
,,Exception Classification,EXCEPTION,0.0,TXNMAY00328,35596.64,,0
,,Exception Classification,EXCEPTION,0.0,TXNMAY00196,25053.34,,0
,,Exception Classification,EXCEPTION,0.0,TXNMAY00285,4541.21,,0
,,Exception Classification,EXCEPTION,0.0,TXNMAY00295,-4934.97,,0
,,Exception Classification,EXCEPTION,0.0,TXNMAY00293,-32569.65,,0
,,Exception Classification,OPEN,0.0,TXNMAY00187,31699.86,,0
,,Exception Classification,EXCEPTION,0.0,TXNMAY00191,4263.15,,0
,,Exception Classification,EXCEPTION,0.0,,0.0,BLJUN00496,71105.39
,,Exception Classification,EXCEPTION,0.0,,0.0,BLJUN00493,74513.95
,,Exception Classification,EXCEPTION,0.0,,0.0,BLJUN00488,24365.58
,,Exception Classification,EXCEPTION,0.0,,0.0,BLJUN00495,71105.39
,,Exception Classification,EXCEPTION,0.0,,0.0,BLJUN00487,24365.58
,,Exception Classification,EXCEPTION,0.0,,0.0,BLJUN00491,14915.27
,,Exception Classification,EXCEPTION,0.0,,0.0,BLJUN00490,49760.72
,,Exception Classification,EXCEPTION,0.0,,0.0,BLJUN00494,74513.95
,,Exception Classification,EXCEPTION,0.0,,0.0,BLJUN00492,14915.27
,,Exception Classification,EXCEPTION,0.0,,0.0,BLJUN00489,49760.72
,,Exception Classification,EXCEPTION,0.0,,0.0,BLJUN00440,33899.42
,,Exception Classification,EXCEPTION,0.0,,0.0,BLJUN00450,74567.86
,,Exception Classification,EXCEPTION,0.0,,0.0,BLJUN00456,14813.4
,,Exception Classification,EXCEPTION,0.0,,0.0,BLJUN00497,20368.57
,,Exception Classification,EXCEPTION,0.0,,0.0,BLJUN00459,45242.72
,,Exception Classification,EXCEPTION,0.0,,0.0,BLJUN00500,36200.8
,,Exception Classification,EXCEPTION,0.0,,0.0,BLJUN00502,25776.43
,,Exception Classification,EXCEPTION,0.0,,0.0,BLJUN00455,52987.72
,,Exception Classification,EXCEPTION,0.0,,0.0,BLJUN00444,87530.13
,,Exception Classification,EXCEPTION,0.0,,0.0,BLJUN00499,66408.67
,,Exception Classification,EXCEPTION,0.0,,0.0,BLJUN00445,57683.73
,,Exception Classification,EXCEPTION,0.0,,0.0,BLJUN00457,21091.4
,,Exception Classification,EXCEPTION,0.0,,0.0,BLJUN00498,15813.99
,,Exception Classification,EXCEPTION,0.0,,0.0,BLJUN00501,81909.53
,,Exception Classification,EXCEPTION,0.0,,0.0,BLJUN00452,88034.44
,,Exception Classification,EXCEPTION,0.0,,0.0,BLJUN00453,59048.22
,,Exception Classification,EXCEPTION,0.0,,0.0,BLJUN00458,21208.52
,,Exception Classification,EXCEPTION,0.0,,0.0,BLJUN00442,43555.11
,,Exception Classification,EXCEPTION,0.0,,0.0,BLJUN00447,20843.21
,,Exception Classification,EXCEPTION,0.0,,0.0,BLJUN00449,36337.46
,,Exception Classification,EXCEPTION,0.0,,0.0,BLJUN00454,17061.1
,,Exception Classification,EXCEPTION,0.0,,0.0,BLJUN00441,70602.91
,,Exception Classification,EXCEPTION,0.0,,0.0,BLJUN00451,82496.35
,,Exception Classification,EXCEPTION,0.0,,0.0,BLJUN00446,91550.49
,,Exception Classification,EXCEPTION,0.0,,0.0,BLJUN00443,56087.71
,,Exception Classification,EXCEPTION,0.0,,0.0,BLJUN00448,33624.53
,,Exception Classification,OPEN,0.0,TXNJUN00580,24365.58,,0
,,Exception Classification,OPEN,0.0,TXNJUN00505,82496.35,,0
,,Exception Classification,OPEN,0.0,TXNJUN00599,47925.28,,0
,,Exception Classification,OPEN,0.0,TXNJUN00501,20843.21,,0
,,Exception Classification,OPEN,0.0,TXNJUN00610,87437.83,,0
,,Exception Classification,OPEN,0.0,TXNJUN00512,21208.52,,0
,,Exception Classification,OPEN,0.0,TXNJUN00608,69931.9,,0
,,Exception Classification,OPEN,0.0,TXNJUN00594,63700.48,,0
,,Exception Classification,OPEN,0.0,TXNJUN00598,24989.94,,0
,,Exception Classification,OPEN,0.0,TXNJUN00499,57683.73,,0
,,Exception Classification,OPEN,0.0,TXNJUN00607,17568.83,,0
,,Exception Classification,OPEN,0.0,TXNJUN00583,74513.95,,0
,,Exception Classification,OPEN,0.0,TXNJUN00498,87530.13,,0
,,Exception Classification,OPEN,0.0,TXNJUN00497,56087.71,,0
,,Exception Classification,OPEN,0.0,TXNJUN00584,71105.39,,0
,,Exception Classification,OPEN,0.0,TXNJUN00506,88034.44,,0
,,Exception Classification,OPEN,0.0,TXNJUN00592,16093.9,,0
,,Exception Classification,OPEN,0.0,TXNJUN00616,81772.91,,0
,,Exception Classification,OPEN,0.0,TXNJUN00591,20755.81,,0
,,Exception Classification,OPEN,0.0,TXNJUN00502,33624.53,,0
,,Exception Classification,OPEN,0.0,TXNJUN00605,9062.64,,0
,,Exception Classification,OPEN,0.0,TXNJUN00494,33899.42,,0
,,Exception Classification,OPEN,0.0,TXNJUN00589,4121.55,,0
,,Exception Classification,OPEN,0.0,TXNJUN00510,14813.4,,0
,,Exception Classification,OPEN,0.0,TXNJUN00612,30135.75,,0
,,Exception Classification,OPEN,0.0,TXNJUN00595,70073.69,,0
,,Exception Classification,OPEN,0.0,TXNJUN00503,36337.46,,0
,,Exception Classification,OPEN,0.0,TXNJUN00509,52987.72,,0
,,Exception Classification,OPEN,0.0,TXNJUN00511,21091.4,,0
,,Exception Classification,OPEN,0.0,TXNJUN00600,83261.71,,0
,,Exception Classification,OPEN,0.0,TXNJUN00597,57702.93,,0
,,Exception Classification,OPEN,0.0,TXNJUN00508,17061.1,,0
,,Exception Classification,OPEN,0.0,TXNJUN00513,45242.72,,0
,,Exception Classification,OPEN,0.0,TXNJUN00614,54889.03,,0
,,Exception Classification,OPEN,0.0,TXNJUN00588,-19395.08,,0
,,Exception Classification,OPEN,0.0,TXNJUN00587,19395.08,,0
,,Exception Classification,OPEN,0.0,TXNJUN00590,-4121.55,,0
,,Exception Classification,OPEN,0.0,TXNJUN00582,14915.27,,0
,,Exception Classification,OPEN,0.0,TXNJUN00611,81459.21,,0
,,Exception Classification,OPEN,0.0,TXNJUN00609,79360.61,,0
,,Exception Classification,OPEN,0.0,TXNJUN00603,64387.5,,0
,,Exception Classification,OPEN,0.0,TXNJUN00604,49188.77,,0
,,Exception Classification,OPEN,0.0,TXNJUN00581,49760.72,,0
,,Exception Classification,OPEN,0.0,TXNJUN00504,74567.86,,0
,,Exception Classification,OPEN,0.0,TXNJUN00601,73204.39,,0
,,Exception Classification,OPEN,0.0,TXNJUN00613,87041.65,,0
,,Exception Classification,OPEN,0.0,TXNJUN00596,69051.64,,0
,,Exception Classification,OPEN,0.0,TXNJUN00602,45916.67,,0
,,Exception Classification,OPEN,0.0,TXNJUN00615,89282.26,,0
,,Exception Classification,OPEN,0.0,TXNJUN00593,92692.45,,0
,,Exception Classification,OPEN,0.0,TXNJUN00585,24946.99,,0
,,Exception Classification,OPEN,0.0,TXNJUN00586,-24946.99,,0
,,Exception Classification,OPEN,0.0,TXNJUN00496,43555.11,,0
,,Exception Classification,OPEN,0.0,TXNJUN00606,45403.63,,0
,,Exception Classification,OPEN,0.0,TXNJUN00507,59048.22,,0
,,Exception Classification,OPEN,0.0,TXNJUN00500,91550.49,,0
,,Exception Classification,OPEN,0.0,TXNJUN00495,70602.91,,0
